subject,succeeded,failed_stage,error
sub-548BL,True,,
sub-552BL,True,,
sub-554BL,True,,
sub-556BL,True,,
sub-558BL,True,,
sub-561BL,True,,
sub-563BL,True,,
sub-565BL,True,,
sub-567BL,True,,
sub-568BL,True,,
sub-570BL,True,,
sub-571BL,True,,
sub-572BL,True,,
sub-573BL,True,,
sub-575BL,True,,
sub-579BL,True,,
sub-583BL,True,,
sub-584BL,True,,
sub-586BL,True,,
sub-589BL,True,,
sub-592BL,True,,
sub-593BL,True,,
sub-594BL,True,,
sub-595BL,True,,
sub-596BL,True,,
sub-597BL,True,,
sub-600BL,True,,
sub-601BL,True,,
sub-602BL,True,,
sub-604BL,True,,
sub-605BL,True,,
sub-606BL,True,,
sub-607BL,True,,
sub-608BL,True,,
sub-612BL,True,,
sub-613BL,True,,
sub-617BL,True,,
sub-625BL,True,,
sub-626BL,True,,
sub-628BL,True,,
sub-632BL,True,,
sub-638BL,True,,
sub-639BL,True,,
sub-643BL,True,,
sub-644BL,True,,
sub-645BL,True,,
sub-646BL,True,,
sub-654BL,True,,
sub-655BL,True,,
sub-656BL,True,,
sub-659BL,True,,
sub-663BL,True,,
sub-674BL,True,,
sub-536BH,True,,
sub-555BH,True,,
sub-560BH,True,,
sub-574BH,True,,
sub-580BH,True,,
sub-581BH,True,,
sub-582BH,True,,
sub-585BH,True,,
sub-587BH,True,,
sub-588BH,True,,
sub-590BH,True,,
sub-599BH,True,,
sub-603BH,True,,
sub-609BH,True,,
sub-614BH,True,,
sub-615BH,True,,
sub-619BH,True,,
sub-621BH,True,,
sub-622BH,True,,
sub-623BH,True,,
sub-627BH,True,,
sub-636BH,True,,
sub-647BH,True,,
sub-651BH,True,,
sub-653BH,True,,
sub-657BH,True,,
sub-660BH,True,,
sub-509BT,True,,
sub-511BT,True,,
sub-514BT,True,,
sub-515BT,True,,
sub-516BT,True,,
sub-517BT,True,,
sub-518BT,True,,
sub-519BT,True,,
sub-520BT,True,,
sub-521BT,True,,
sub-522BT,True,,
sub-523BT,True,,
sub-524BT,True,,
sub-525BT,True,,
sub-526BT,True,,
sub-527BT,True,,
sub-528BT,True,,
sub-529BT,True,,
sub-531BT,True,,
sub-532BT,True,,
sub-533BT,True,,
sub-534BT,True,,
sub-535BT,True,,
sub-537BT,True,,
sub-538BT,True,,
sub-539BT,True,,
sub-540BT,True,,
sub-541BT,True,,
sub-543BT,True,,
sub-544BT,True,,
sub-545BT,True,,
sub-546BT,True,,
sub-547BT,True,,
sub-549BT,True,,
sub-550BT,True,,
sub-551BT,True,,
sub-557BT,True,,
sub-566BT,True,,
sub-569BT,True,,
sub-578BT,True,,
sub-611BT,True,,
sub-616BT,True,,
sub-618BT,True,,
sub-624BT,True,,
sub-630BT,True,,
sub-631BT,True,,
sub-633BT,True,,
sub-635BT,True,,
sub-637BT,True,,
sub-640BT,True,,
sub-641BT,True,,
sub-642BT,True,,
sub-648BT,True,,
sub-650BT,True,,
sub-662BT,True,,
sub-665BT,True,,
sub-666BT,True,,
sub-667BT,True,,
sub-668BT,True,,
sub-669BT,True,,
sub-670BT,True,,
sub-672BT,True,,
sub-673BT,True,,
sub-675BT,True,,
