network_id,network_label,mean_DLD,mean_HSL,mean_TD,sd_DLD,sd_HSL,sd_TD,F,welch_p,eta2,kw_p,beta_lr_p,beta_DLD,beta_p_DLD,beta_HSL,beta_p_HSL,welch_p_fdr,beta_lr_p_fdr,kw_p_fdr,omnibus_sig
14,CinguloOpercular,11.246627962424657,11.75331904018393,12.180213051815194,1.8875076302215443,2.0006405755668637,2.6701198077402757,2.480666499056391,0.0906880832421066,0.03308484848239345,0.28810579390066837,0.12513633894295048,-0.07908507969780193,0.040781336957174744,-0.030532917888154546,0.5192088380335355,0.9286666345355828,0.9595705919694391,0.9100064884265537,False
1,Default_Parietal,0.6918390295897762,0.6398735472939008,0.6485929169789184,0.13358369697744313,0.16999923570204206,0.1253683203017103,1.8862104932646884,0.159918037061404,0.02619264869317822,0.058108158139831036,0.12605644682779332,0.04177975452639435,0.08992873663845047,-0.014047853948820199,0.6496705155510341,0.9286666345355828,0.9595705919694391,0.9100064884265537,False
4,Default_Retrosplenial,1.9596394174685603,2.0853614478609503,2.0205479260126693,0.35785819488277637,0.2676769482464021,0.355236729866543,1.5457190402874734,0.21961518474613612,0.01758607432882596,0.20972227602409316,0.2165882481669235,-0.02705287218258365,0.3194490801695057,0.03257411215326809,0.32336061263339977,0.9286666345355828,0.9595705919694391,0.9100064884265537,False
11,Premotor,5.695351848644061,5.193735680894992,5.342720898401085,1.3803473794511878,1.3382407031900618,1.3120109494964678,1.5251116132625562,0.22473680430763968,0.02192558955262692,0.22972178251114939,0.19696354380947312,0.06420331097413319,0.14456288798000033,-0.02615509143290195,0.6382262460566301,0.9286666345355828,0.9595705919694391,0.9100064884265537,False
16,Somatomotor_Hand,7.076253772340831,6.84457597253824,6.647202202970119,1.4759977935876445,1.8092617133634248,1.3655036659672766,1.29842823569029,0.27995979341574284,0.016616036863103152,0.34023373674179996,0.3022404162035505,0.062276845907756485,0.12436506004219054,0.016891157625375863,0.7381784971660377,0.9286666345355828,0.9595705919694391,0.9100064884265537,False
2,Default_Anterolateral,1.1119736537347311,1.1709806699341836,1.1707100111811055,0.22078055051859796,0.2921460165716979,0.24668040405672068,1.0368136968127004,0.3602771971278229,0.013313077387100065,0.362869003172071,0.4355117478348073,-0.03742947790541937,0.21392397309240485,-0.004831062394290727,0.8958523963671617,0.9286666345355828,0.9595705919694391,0.9100064884265537,False
20,SomatoCognitiveAction,6.282004457870377,6.665950783657665,6.621983583859043,1.4676746762501693,1.7158927812128861,1.5530599054198473,0.8964571158035307,0.41279799206095363,0.012214848506341903,0.629654207763642,0.4067543205076015,-0.053807722931375944,0.22243558620324777,0.003970094490165007,0.9411242308706782,0.9286666345355828,0.9595705919694391,0.9100064884265537,False
17,Somatomotor_Face,6.517979873492708,6.5912144048576025,6.343777684218921,1.0046069356934966,0.7762021846352258,1.0681400404450518,0.827025467089985,0.44112357633233357,0.01061871259983999,0.5823419338470854,0.3735735368696676,0.029768281084358895,0.3039521854953082,0.045411423577347586,0.20138434196834387,0.9286666345355828,0.9595705919694391,0.9100064884265537,False
9,Frontoparietal,6.09133186129583,5.863807556395212,5.893105350520035,1.0534384384419642,1.0978012925088998,0.9123372757449131,0.6772080586573017,0.5114947580653064,0.010147135180170816,0.47292328966874675,0.5156883970856903,0.03020603136485627,0.3329899236576773,-0.008970018170107095,0.8177804683114817,0.9286666345355828,0.9595705919694391,0.9100064884265537,False
19,Auditory,9.361143130154439,9.104466509528983,9.04043327429487,1.6469576536101356,1.5857405159469284,1.3479790277236317,0.65124665248391,0.5246593905708714,0.009649525064628076,0.43473925148795356,0.5757423551816634,0.032115338025178464,0.3138768506028038,0.0031731527900622785,0.9362010048567837,0.9286666345355828,0.9595705919694391,0.9100064884265537,False
8,Visual_V1,4.704185602681248,4.894980714007945,4.699616698788889,0.8647648724941517,0.7883903644696003,0.817555066073918,0.6389920599196162,0.5308151020841186,0.008371916372488795,0.557875487785727,0.547481946603494,-0.000268118609272023,0.9935646647553298,0.041608246182037886,0.3048172586093598,0.9286666345355828,0.9595705919694391,0.9100064884265537,False
10,DorsalAttention,5.66157841336734,5.39321916918199,5.596402362350847,1.147233069750327,1.023099833125284,0.8466492397226204,0.5900140616515389,0.5571999807213497,0.009225179968760246,0.5284838854773126,0.500713943681917,0.004196465147498738,0.895984280490868,-0.041667274512777776,0.3001314876542951,0.9286666345355828,0.9595705919694391,0.9100064884265537,False
5,Visual_Lateral,1.9974398826848878,2.0356413747769526,2.056700616329353,0.36207577963211257,0.38881145324090916,0.3735187167114287,0.37701941516133175,0.6873042886556798,0.005221424605701264,0.5354963343474779,0.7033274308393503,-0.024292962533089324,0.4015887479875532,-0.00997449434238405,0.7798161089684789,0.9436261790985616,0.9607541934993236,0.9100064884265537,False
15,MedialParietal,4.302388235478014,4.425572885902007,4.319709102979026,0.8620993198067473,0.7787471974361183,0.762137846519157,0.23122075420551788,0.79416611611086,0.00320203392378426,0.9100064884265537,0.754367270389225,-0.007926124844522462,0.8147889879088961,0.02404319192361721,0.5615491898388505,0.9436261790985616,0.9607541934993236,0.9100064884265537,False
3,Default_Dorsolateral,1.9375545923735706,1.891909843748705,1.932953311305674,0.3572316070148212,0.3038928903077576,0.32460726718014804,0.2100157970376165,0.8110638600298926,0.0026352528440150183,0.8570748122632668,0.8456869241353873,0.0004872945270148882,0.9854961205320186,-0.01768209658524185,0.5956565207836744,0.9436261790985616,0.9607541934993236,0.9100064884265537,False
13,Salience,6.782436267701504,6.8886652769141055,6.888185724145448,1.1850936727113681,1.1239249220335126,1.2687270491754916,0.12969669157598196,0.8785644434730869,0.0018085587104347551,0.8304810158909055,0.8907835618857463,-0.014128427595916319,0.6750095899886044,0.00271163245099739,0.9478615904247635,0.9436261790985616,0.9607541934993236,0.9100064884265537,False
6,Visual_Dorsal/VentralStream,2.9147278798562537,2.867719120289011,2.923701798938839,0.4772160404291969,0.578186271365389,0.37381760502726946,0.10647696082852323,0.8991591004238297,0.0020907395414564065,0.7479456548962728,0.7197079923737377,-0.006675783118226883,0.8016290181348399,-0.026704558730575575,0.4192825876916816,0.9436261790985616,0.9607541934993236,0.9100064884265537,False
7,Visual_V5,1.9445879642302306,1.9890897539108736,1.9570122109896353,0.4589696584836767,0.44969275266503816,0.39757562101777405,0.086414908183879,0.9173142768898057,0.0013609302110357735,0.6437867332644891,0.9127164838243573,-0.00875048340280398,0.798467786352801,0.009504787040934314,0.8214617713524955,0.9436261790985616,0.9607541934993236,0.9100064884265537,False
12,Language,6.404372858366706,6.436938860212154,6.490585759111471,1.2182704677391334,1.1313219193573414,1.1215467900829246,0.0799985622446005,0.9232014621483243,0.0011591990471902308,0.8947338247977609,0.8923835981139502,-0.01591088885705768,0.635812294528272,-0.009470452221085104,0.8193947187944339,0.9436261790985616,0.9607541934993236,0.9100064884265537,False
18,Somatomotor_Foot,7.316583296244279,7.262977387910592,7.225845514808864,1.4682740293577166,1.5558383863108287,1.374625308797956,0.05807490291599815,0.9436261790985616,0.0008121778212205324,0.8575529311915396,0.9655890503262838,0.009591400446153945,0.79906987086484,0.0011924136035542038,0.9796044486056866,0.9436261790985616,0.9655890503262838,0.9100064884265537,False
